,mean,sd,hdi_2.5%,hdi_97.5%,mcse_mean,mcse_sd,ess_bulk,ess_tail,r_hat
home,0.138,0.027,0.087,0.19,0.0,0.0,10556.0,6205.0,1.0
mu0,0.162,0.082,0.003,0.327,0.002,0.001,1983.0,2198.0,1.0
rho,0.952,0.029,0.896,1.0,0.001,0.0,1193.0,1288.0,1.0
entry,-0.219,0.068,-0.347,-0.081,0.001,0.001,2879.0,4073.0,1.0
tau_att,21.333,5.98,11.097,33.835,0.12,0.081,2503.0,4024.0,1.0
tau_def,24.446,7.667,10.827,39.753,0.157,0.099,2266.0,4021.0,1.0
tau_mu,104.206,75.984,2.798,250.956,1.225,1.248,3101.0,3817.0,1.0
sigma_att,0.223,0.032,0.164,0.285,0.001,0.0,2503.0,4024.0,1.0
sd_shock_att,0.065,0.022,0.023,0.109,0.001,0.0,1192.0,1281.0,1.0
