team,played,w,d,l,gf,ga,pts,gd
Inter,38,27,6,5,89,35,87,54
Napoli,38,23,7,8,58,36,76,22
Roma,38,23,4,11,59,31,73,28
Como,38,20,11,7,65,29,71,36
Milan,38,20,10,8,53,35,70,18
Juventus,38,19,12,7,61,34,69,27
Atalanta,38,15,14,9,51,36,59,15
Bologna,38,16,8,14,49,46,56,3
Lazio,38,14,12,12,41,40,54,1
Udinese,38,14,8,16,45,48,50,-3
Sassuolo,38,14,7,17,46,50,49,-4
Parma,38,11,12,15,28,46,45,-18
Torino,38,12,9,17,44,63,45,-19
Cagliari,38,11,10,17,40,53,43,-13
Fiorentina,38,9,15,14,41,50,42,-9
Genoa,38,10,11,17,41,51,41,-10
Lecce,38,10,8,20,28,50,38,-22
Cremonese,38,8,10,20,32,57,34,-25
Hellas Verona,38,3,12,23,25,61,21,-36
Pisa,38,2,12,24,26,71,18,-45
