team,att_mean,att_sd,att_lo90,att_hi90,def_mean,def_sd,def_lo90,def_hi90
Fiorentina,0.0977107660663326,0.09993993705376823,-0.06697504214278864,0.26175289003842234,-0.004349628318415792,0.09837750743687038,-0.16919562961341,0.15407291026921016
Torino,-0.14248776419300327,0.10581499363314541,-0.3165266325359837,0.028354537809336524,0.026565255448569313,0.10209454945024882,-0.14282867433593943,0.19258413693662002
Hellas Verona,-0.18977955006132152,0.10643074134950083,-0.3633657707090859,-0.015741795704974037,-0.18576369849767227,0.09998221457032355,-0.3573546194722961,-0.02635377983685988
Roma,0.11753606836034308,0.10135481034588083,-0.04888163406188953,0.2804955747149539,0.21051924703712746,0.10699871555769555,0.04254400402798138,0.3928300022444776
Parma,-0.2136768659716363,0.11749801739214413,-0.4097224838146469,-0.024319382904590296,-0.129725883766116,0.1075471340743157,-0.30459347734306313,0.05088021314777049
Napoli,0.2280420949194846,0.10058552426651043,0.055164908301315145,0.3905979243837285,0.31035813492301983,0.10580709537547935,0.13854169045373543,0.4863054538125317
Genoa,-0.19279884611145257,0.10892538388810659,-0.37315982045658874,-0.010560112425181097,-0.05029271860347587,0.0986489722645969,-0.21365065662414173,0.11435474580888307
Sassuolo,0.030140929106322566,0.11172519092709794,-0.15735141488481938,0.20917714168901516,-0.20662983809718644,0.10011262533200797,-0.3705679295143875,-0.04307013690673875
Cagliari,-0.14704329484302847,0.10877416733849989,-0.32211889830101703,0.034666116508044006,-0.16679669331953376,0.0955298631132355,-0.3224337179952406,-0.006460332692688101
Juventus,0.14706100587675816,0.10261734128545098,-0.022564013760151342,0.3138680239436416,0.305157326254031,0.10668518986625627,0.12578345700291543,0.47763945008069764
Milan,0.2893029972457814,0.09819631466681297,0.12783905175873878,0.4473409026281133,0.15713553080965875,0.09994559134762158,-0.007953382953497347,0.31888612645725073
Bologna,0.10611575086553073,0.10377848875955321,-0.061372980437866605,0.2797954145726772,0.05699784891263554,0.10011359455629024,-0.10686004203621702,0.2224147021380192
Atalanta,0.2989385872196041,0.09918706383361468,0.13207660486066705,0.45988631435407323,0.12049803036387341,0.10237822605872703,-0.043111164127855504,0.29251848293848143
Lazio,0.11438760163239697,0.10205725050858128,-0.05713247535865504,0.2784914814598361,0.11564858348763878,0.10052090917697241,-0.04603858925490321,0.2847980676338085
Inter,0.4817334415538726,0.09608183098174836,0.3242323983883186,0.6395202652115051,0.3268544481650788,0.10592678957869808,0.1522804812749058,0.5027771540812921
Udinese,-0.09775332567986662,0.10610688573877737,-0.27175180697261997,0.07501062893052594,-0.11471840245664154,0.09794694339077777,-0.2769633569197253,0.040846196315788175
Lecce,-0.4193474364957886,0.1168819095911802,-0.6148085143689559,-0.23223770487619458,-0.0981083028634123,0.09890785561813051,-0.26116918503773395,0.0635329153531135
Cremonese,-0.17460052048538602,0.13899087007786032,-0.40204636098096086,0.0531064303593822,-0.19269491075747744,0.12205764717305786,-0.38773348141987035,0.010796887818583761
Como,0.027444802222763586,0.12409462126037085,-0.17636153540585092,0.2325577262121131,0.016027363710020174,0.12039908294082118,-0.17569937176261,0.21853658141002125
Pisa,-0.3462602831737362,0.17883621230895336,-0.650709886166899,-0.05970280094270068,-0.20705019512566394,0.15023934065770367,-0.4527439433444842,0.041199257459612185
