team,banked,predicted,lo90,hi90,p_title,p_top4,p_relegation,exp_rank
Inter,0,79.727375,64.0,94.0,0.611375,0.932,0.0,1.871125
Napoli,0,67.044125,51.0,82.0,0.087125,0.5505,0.0005,4.794625
Juventus,0,66.580125,51.0,82.0,0.082,0.519625,0.00125,4.947625
Atalanta,0,65.375,49.0,81.0,0.068375,0.473125,0.002375,5.316125
Roma,0,64.038375,49.0,79.0,0.05175,0.4095,0.002375,5.780625
Milan,0,63.80275,48.0,80.0,0.050375,0.404,0.003,5.864375
Como,0,59.827125,44.0,76.0,0.02325,0.250125,0.00525,7.298625
Lazio,0,56.776,41.0,72.0,0.01125,0.151875,0.014875,8.47725
Bologna,0,55.059125,40.0,71.0,0.008,0.120625,0.02325,9.1595
Fiorentina,0,53.837125,38.0,69.0,0.00425,0.0935,0.02925,9.65275
Udinese,0,46.947375,32.0,62.0,0.00025,0.023125,0.111875,12.531
Sassuolo,0,45.954125,31.0,62.0,0.0005,0.02,0.143,12.957125
Torino,0,45.79575,31.0,61.0,0.0,0.015,0.133625,13.00675
Genoa,0,44.842375,30.0,60.0,0.0005,0.014625,0.161625,13.387875
Cagliari,0,41.443125,27.0,56.0,0.000125,0.0055,0.26725,14.80575
Parma,0,40.091,26.0,55.0,0.00025,0.003625,0.319375,15.27725
Frosinone,0,38.630125,22.0,56.0,0.0005,0.007375,0.4085,15.722875
Monza,0,38.24025,24.0,54.0,0.000125,0.00275,0.398875,15.948625
Venezia,0,36.471625,22.0,52.0,0.0,0.002375,0.494,16.55125
Lecce,0,36.35075,23.0,51.0,0.0,0.00075,0.47975,16.648875
