,1,2,3,4,5,6,7,8,9,10,11,12,13,14,15,16,17,18,19,20
Fiorentina,0.00425,0.01675,0.03025,0.04225,0.05525,0.072125,0.089125,0.09625,0.107875,0.09175,0.086375,0.07175,0.06225,0.049,0.038625,0.033875,0.023,0.015375,0.009,0.004875
Torino,0.0,0.001625,0.004375,0.009,0.016125,0.023125,0.030875,0.04625,0.057875,0.06975,0.085,0.092125,0.094625,0.099875,0.08675,0.080625,0.068375,0.057875,0.04875,0.027
Roma,0.05175,0.10975,0.12625,0.12175,0.1225,0.106375,0.086625,0.0775,0.056375,0.04525,0.0355,0.02275,0.014875,0.0085,0.005625,0.004375,0.001875,0.001125,0.00075,0.0005
Parma,0.00025,0.000125,0.000625,0.002625,0.004125,0.0065,0.01225,0.018625,0.02375,0.0375,0.04675,0.0575,0.07575,0.08325,0.101625,0.103875,0.1055,0.114,0.112625,0.09275
Napoli,0.087125,0.16575,0.161875,0.13575,0.109,0.0945,0.072125,0.0525,0.038625,0.029125,0.02,0.01225,0.008625,0.005125,0.00375,0.002,0.001375,0.000375,0.000125,0.0
Genoa,0.0005,0.002,0.003,0.009125,0.01075,0.019125,0.02575,0.041625,0.050875,0.071875,0.074,0.0885,0.094125,0.092375,0.099125,0.078875,0.07675,0.07375,0.052,0.035875
Sassuolo,0.0005,0.00275,0.0055,0.01125,0.016625,0.021625,0.0335,0.048375,0.059625,0.075125,0.084125,0.089125,0.0905,0.09325,0.078625,0.075625,0.070875,0.057875,0.048,0.037125
Cagliari,0.000125,0.000625,0.001875,0.002875,0.006625,0.009125,0.0155,0.022,0.030625,0.04225,0.05425,0.0685,0.078625,0.095375,0.09625,0.10275,0.105375,0.09625,0.091,0.08
Juventus,0.082,0.155875,0.147875,0.133875,0.112875,0.100375,0.085625,0.055875,0.04125,0.027375,0.01975,0.015,0.008125,0.006625,0.003125,0.001875,0.00125,0.000875,0.00025,0.000125
Milan,0.050375,0.10925,0.12225,0.122125,0.1175,0.10725,0.092875,0.074875,0.057125,0.047125,0.0305,0.02375,0.016,0.01075,0.007,0.005375,0.002875,0.001375,0.001375,0.00025
Bologna,0.008,0.025,0.038,0.049625,0.064,0.0845,0.0845,0.101375,0.10125,0.089,0.084875,0.071625,0.0545,0.043875,0.035,0.02275,0.018875,0.01225,0.008,0.003
Atalanta,0.068375,0.1345,0.1335,0.13675,0.12,0.102125,0.082125,0.0645,0.05025,0.0365,0.023375,0.017125,0.01125,0.00775,0.00475,0.0035,0.00125,0.000875,0.00125,0.00025
Lazio,0.01125,0.02675,0.05,0.063875,0.0805,0.093625,0.102875,0.102,0.100875,0.087625,0.06875,0.057625,0.050375,0.0345,0.025125,0.015625,0.01375,0.00825,0.00475,0.001875
Inter,0.611375,0.180375,0.08875,0.0515,0.031,0.014625,0.01,0.00575,0.002875,0.001375,0.001125,0.000625,0.0005,0.0,0.0,0.000125,0.0,0.0,0.0,0.0
Udinese,0.00025,0.00375,0.00675,0.012375,0.016375,0.02775,0.039375,0.05225,0.0625,0.080875,0.09125,0.101,0.0905,0.091625,0.076875,0.07425,0.060375,0.051,0.03775,0.023125
Venezia,0.0,0.000375,0.0005,0.0015,0.0025,0.003875,0.006125,0.008375,0.015,0.022,0.029375,0.037625,0.04825,0.060375,0.075625,0.0895,0.105,0.137125,0.161875,0.195
Lecce,0.0,0.0,0.000125,0.000625,0.001875,0.0025,0.0055,0.006625,0.010625,0.019125,0.025625,0.037125,0.04625,0.05725,0.082,0.102625,0.122375,0.139125,0.156,0.184625
Monza,0.000125,0.000375,0.000125,0.002125,0.002375,0.005,0.0095,0.01125,0.020375,0.026875,0.0415,0.04725,0.061875,0.066625,0.08675,0.10375,0.11525,0.117875,0.1345,0.1465
Frosinone,0.0005,0.00125,0.001875,0.00375,0.005375,0.008125,0.013875,0.01525,0.027625,0.030625,0.0435,0.047625,0.055875,0.07125,0.07975,0.086,0.09925,0.11125,0.13125,0.166
Como,0.02325,0.063125,0.0765,0.08725,0.104625,0.09775,0.101875,0.09875,0.084625,0.068875,0.054375,0.041125,0.037125,0.022625,0.013625,0.012625,0.006625,0.003375,0.00075,0.001125
